Date,"Total employed, all industries 7",Goods-producing sector 8,Agriculture 9,"Forestry, fishing, mining, quarrying, oil and gas 10 11",Utilities,Construction,Manufacturing,Services-producing sector 12,Wholesale and retail trade,Transportation and warehousing,"Finance, insurance, real estate, rental and leasing","Professional, scientific and technical services","Business, building and other support services 13",Educational services,Health care and social assistance,"Information, culture and recreation",Accommodation and food services,Other services (except public administration),Public administration
Jan-00,"14,652.70","3,827.20",395.6,270.5,116.3,801.1,"2,243.70","10,825.50","2,247.60",770.4,852.9,925.7,513.4,988.6,"1,485.00",636.7,937.6,693.1,774.4
Feb-00,"14,672.20","3,818.70",396.9,274.5,117.1,806.4,"2,223.80","10,853.50","2,276.90",775.8,853.3,906.8,508.6,982.5,"1,498.20",639.8,949.5,695.2,766.8
Mar-00,"14,697.50","3,817.20",393.6,271.7,115.5,807.3,"2,229.10","10,880.40","2,286.10",774.9,858.1,907.6,519.2,984.9,"1,507.40",645.8,943.6,683.3,769.5
Apr-00,"14,722.70","3,830.40",379.5,280.5,114.9,812.3,"2,243.30","10,892.30","2,285.30",777.2,845.2,916.8,527.7,972.4,"1,521.80",646.7,946.1,679.5,773.5
May-00,"14,736.40","3,829.20",378.7,275.9,116.8,805,"2,252.80","10,907.20","2,287.40",777.3,845.6,922.7,526.9,967.5,"1,534.30",654.5,954.6,677.7,758.9
Jun-00,"14,746.80","3,808.80",374.1,277.2,113.7,801.9,"2,241.90","10,938.00","2,287.70",774.3,857.3,917,539.9,974.1,"1,521.80",664.3,954.5,681.4,765.7
Jul-00,"14,750.40","3,786.20",367.8,273.2,114.6,810.1,"2,220.50","10,964.20","2,298.30",768.2,859.3,940.3,537.2,975.6,"1,510.40",664,942.2,691.9,776.9
Aug-00,"14,770.30","3,785.80",367.8,270.4,113,804.4,"2,230.20","10,984.60","2,324.60",766.1,854.4,937.2,538.6,961.2,"1,521.60",671.8,925,699.3,784.8
Sep-00,"14,812.20","3,799.60",361.6,272.7,115.3,815.4,"2,234.70","11,012.60","2,329.50",763.6,851.5,948.8,545.1,963.6,"1,528.90",681.6,940.4,676.7,783
Oct-00,"14,835.30","3,796.60",355.8,274.7,116.4,799.1,"2,250.60","11,038.70","2,319.30",773.8,867.3,965.5,545,957.7,"1,531.90",681,933.5,683.1,780.6
Nov-00,"14,871.40","3,814.10",348.2,276.7,118.1,811.5,"2,259.70","11,057.30","2,310.80",786,877.4,976.1,538.4,968.2,"1,524.00",692.5,931.2,667.5,785.2
Dec-00,"14,920.00","3,828.60",347.9,271,118,811,"2,280.70","11,091.40","2,341.20",784.6,876,980.4,532.1,950.3,"1,531.90",703.1,942.2,669.2,780.4
Jan-01,"14,894.40","3,811.30",341.7,271.2,121.3,809.9,"2,267.20","11,083.10","2,371.40",784.6,870.4,984.6,509.8,946.9,"1,536.00",699.2,940.6,663,776.7
Feb-01,"14,883.90","3,792.80",336,271,124.1,823.3,"2,238.30","11,091.10","2,340.10",781.5,881.8,993.6,528.2,966,"1,536.40",692.6,935.5,661.7,773.7
Mar-01,"14,888.70","3,797.40",331.1,274,118.9,827.8,"2,245.80","11,091.30","2,318.60",787.5,865.6,"1,006.20",520.1,967.6,"1,543.50",712.2,940.7,661.2,768.2
Apr-01,"14,922.30","3,800.10",332.5,270,120.4,833.4,"2,243.90","11,122.10","2,323.10",778.7,877.6,"1,016.20",520.7,974.7,"1,542.60",708.2,938.2,659.1,783
May-01,"14,946.20","3,783.90",323.9,278.7,120.9,829.3,"2,231.20","11,162.30","2,345.90",787.9,888.3,994.4,523.5,972,"1,539.40",719.4,940.7,659,791.9
Jun-01,"14,922.50","3,770.50",323.8,276.2,125.1,831.3,"2,214.10","11,152.00","2,354.70",784.5,881,"1,001.30",523.3,970.5,"1,537.30",705.2,942.5,661.1,790.7
Jul-01,"14,946.30","3,770.70",326.3,278.9,124.5,819.3,"2,221.60","11,175.60","2,376.30",783,875,976.7,534.5,990.3,"1,532.80",708.9,967.9,655.7,774.5
Aug-01,"14,948.50","3,758.60",318.2,286.6,125.7,813.5,"2,214.60","11,189.90","2,360.40",795.2,871.7,972.2,539.4,974.2,"1,555.80",711.2,960.9,657.3,791.6
Sep-01,"14,972.80","3,763.60",316.3,283.8,121.6,822.2,"2,219.70","11,209.10","2,371.10",782.6,881.4,979,547.6,976.3,"1,558.50",700.1,944.6,679.6,788.3
Oct-01,"14,976.90","3,750.40",313.1,280.5,122.4,821.7,"2,212.70","11,226.50","2,380.70",775.8,878.6,976.3,545.8,986.8,"1,551.80",710.2,970.3,660.1,790.1
Nov-01,"14,990.30","3,716.10",315.4,277.9,124.2,813.8,"2,184.70","11,274.20","2,410.40",758.7,881.6,984.2,554.6,981.1,"1,566.30",708,963.1,674.2,791.9
Dec-01,"14,965.60","3,713.30",303.9,273.4,125.8,821,"2,189.20","11,252.30","2,389.70",757.3,878.5,972.2,550,979.7,"1,568.80",704.8,971.5,677.7,802.3
Jan-02,"15,019.40","3,743.50",304.5,271.9,126.5,835.5,"2,205.10","11,275.90","2,370.60",739.2,888.3,979.3,552,999.9,"1,573.00",708.1,989.6,675.7,800.5
Feb-02,"15,042.30","3,777.20",301.7,269.5,124.9,842.8,"2,238.30","11,265.20","2,372.00",749.3,877.7,976.1,549.3,982.3,"1,571.60",723.4,983.3,676.7,803.3
Mar-02,"15,120.50","3,813.20",311.4,271.7,127.5,838.5,"2,264.10","11,307.40","2,392.80",740,884.9,969,573.3,985.2,"1,576.20",714.9,979.3,681.4,810.5
Apr-02,"15,167.80","3,815.70",310.1,276.8,131.2,842.4,"2,255.20","11,352.00","2,396.90",750.8,888.8,965.3,573.6,997.2,"1,591.60",730.5,982.4,683.7,791.1
May-02,"15,222.20","3,847.90",314.7,266,136.4,863,"2,267.80","11,374.30","2,408.70",751,887.8,976.8,573.3,994.7,"1,597.30",708.9,985.2,696.4,794.3
Jun-02,"15,284.30","3,882.80",318.6,266.9,132,867.1,"2,298.20","11,401.50","2,393.20",752.6,905.2,980.6,586.7,997.6,"1,607.50",718.1,986,688,786.1
Jul-02,"15,324.20","3,900.80",326.4,268.6,133.6,867.8,"2,304.40","11,423.40","2,392.30",763.2,905.8,985.8,581.8,997.1,"1,628.50",724,977.9,683.6,783.4
Aug-02,"15,406.90","3,924.10",326.3,265.6,132.6,873.3,"2,326.30","11,482.80","2,404.70",755,905.5,993.4,592.9,"1,021.00","1,633.90",729.1,981.3,683.4,782.7
Sep-02,"15,405.20","3,935.20",336.7,263,135.1,872.8,"2,327.50","11,470.10","2,400.90",773.4,898,"1,006.80",587.7,"1,014.60","1,633.00",702.2,985.1,681.2,787.2
Oct-02,"15,419.10","3,932.50",341.8,262.2,130.2,883.6,"2,314.70","11,486.60","2,407.50",762.9,899.6,"1,003.90",597.5,999.5,"1,640.70",697.6,986.5,694.1,796.8
Nov-02,"15,467.20","3,947.50",341,266.8,131.8,873,"2,334.90","11,519.70","2,410.70",774.4,905.6,999.2,603.2,"1,001.50","1,652.30",697.4,991.1,689.1,795.2
Dec-02,"15,524.70","3,949.50",340.5,268.3,129.8,883.7,"2,327.10","11,575.20","2,428.10",772,903.9,"1,009.90",605.9,"1,014.50","1,650.00",697.7,992.2,702.9,798.2
Jan-03,"15,544.20","3,941.20",341.1,274.3,128.1,886.5,"2,311.10","11,603.00","2,438.10",778.9,900.2,993.2,608.1,"1,020.50","1,658.00",701.5,988.3,707.8,808.5
Feb-03,"15,601.60","3,948.50",341.3,271.9,129.3,888.5,"2,317.60","11,653.00","2,441.70",777.5,910.5,999.1,618.5,"1,026.30","1,667.00",693.1,"1,002.80",702,814.5
Mar-03,"15,609.70","3,919.00",331.3,279.2,130.7,900.1,"2,277.80","11,690.70","2,443.80",784.3,906.1,"1,004.10",610.5,"1,030.30","1,660.90",700.5,"1,022.00",713.8,814.4
Apr-03,"15,593.20","3,908.10",329.5,275.7,132.2,890.4,"2,280.30","11,685.10","2,459.30",784.9,922.9,"1,000.60",611.3,"1,018.00","1,656.60",702.6,"1,001.30",706.1,821.6
May-03,"15,574.80","3,904.10",329.3,274,129.1,892.8,"2,279.00","11,670.70","2,442.80",780,903.2,"1,002.90",612.5,"1,026.40","1,672.70",721.7,"1,000.40",700.9,807
Jun-03,"15,627.10","3,902.90",326.6,276.5,130.4,903.7,"2,265.60","11,724.20","2,465.40",783,908.1,"1,009.00",601.4,"1,024.40","1,681.10",720.7,998.3,715.3,817.6
Jul-03,"15,648.40","3,930.00",323.7,280.4,129.6,915.5,"2,280.80","11,718.40","2,456.00",780.1,914,"1,010.70",599.8,"1,020.70","1,679.50",715.5,"1,003.10",713.6,825.5
Aug-03,"15,638.90","3,921.30",328.5,275,128.4,926.4,"2,262.90","11,717.60","2,471.50",784.3,910,"1,006.70",595.4,"1,014.90","1,672.20",711.9,"1,008.90",716.5,825.3
Sep-03,"15,674.70","3,912.60",321.8,281.3,130.1,926.6,"2,252.70","11,762.20","2,474.50",783.9,927.7,"1,006.20",594.8,"1,021.60","1,677.90",725.5,"1,008.10",711.7,830.3
Oct-03,"15,729.50","3,915.00",324.5,286,133.4,918.5,"2,252.70","11,814.50","2,493.10",798.9,920.1,"1,002.20",606.9,"1,037.80","1,686.30",732.7,995.6,707.4,833.3
Nov-03,"15,778.50","3,943.10",332.1,281,134.9,924.9,"2,270.20","11,835.40","2,497.70",797.8,917.2,"1,005.30",605.6,"1,033.80","1,691.00",733.5,"1,001.40",715.1,837
Dec-03,"15,821.10","3,946.20",332.8,282.4,131.4,929.9,"2,269.70","11,874.90","2,490.30",808.3,921.9,990.8,633.2,"1,038.40","1,717.60",733.6,992.9,721.2,826.7
Jan-04,"15,819.70","3,943.90",331.8,279.2,135.2,920.9,"2,276.80","11,875.70","2,494.50",812.3,929.5,"1,001.30",629.2,"1,038.50","1,721.60",737.6,985.6,699.5,826.1
Feb-04,"15,826.90","3,959.50",325.9,283.2,131.8,922.8,"2,295.90","11,867.40","2,491.40",806.6,924.8,"1,011.90",625.3,"1,041.40","1,704.00",733.9,"1,002.70",693.5,831.9
Mar-04,"15,836.30","3,979.10",328.4,281.8,136.6,928.4,"2,303.90","11,857.20","2,493.40",809.1,927.1,"1,012.20",619.7,"1,028.60","1,717.00",724.8,"1,011.20",687.9,826.3
Apr-04,"15,882.70","3,994.20",328.9,280.6,136.1,932.7,"2,315.90","11,888.50","2,478.40",812.4,941,"1,013.60",626.2,"1,024.10","1,733.80",723.3,"1,016.40",697.3,822.1
May-04,"15,900.90","4,000.40",324.9,283.3,135.3,943.9,"2,312.90","11,900.60","2,478.20",811.6,942.4,"1,013.40",618.5,"1,043.40","1,730.80",722.3,"1,010.00",703.3,826.6
Jun-04,"15,923.90","4,000.60",325.5,282.4,134.8,952.8,"2,305.20","11,923.30","2,487.90",815.7,941.3,"1,003.70",627.2,"1,052.20","1,721.40",731.2,"1,009.10",702.4,831.2
Jul-04,"15,937.60","4,010.20",318.1,285,134,962.1,"2,311.00","11,927.40","2,495.50",816.1,948.3,"1,022.10",631.9,"1,029.00","1,710.80",731.4,"1,008.30",702.5,831.6
Aug-04,"15,945.40","4,009.80",314.3,288.1,133,967.8,"2,306.70","11,935.60","2,500.80",805.7,965,"1,019.70",626.2,993.2,"1,713.70",757.2,"1,003.10",718.6,832.3
Sep-04,"15,978.90","3,997.10",315.2,288.9,130.8,961.6,"2,300.60","11,981.80","2,525.70",803.1,973.7,"1,007.70",635.4,"1,022.10","1,734.90",739.6,"1,005.80",697.9,835.9
Oct-04,"15,989.60","4,016.90",315.7,286.5,129.1,984.7,"2,300.90","11,972.60","2,522.80",796.5,963.7,"1,017.60",633.6,"1,028.30","1,727.50",735.5,"1,015.20",696.2,835.7
Nov-04,"16,008.30","4,000.00",318.9,294.7,125.4,985.6,"2,275.40","12,008.30","2,535.50",792.4,979.7,"1,022.00",625.3,"1,045.90","1,733.60",736.4,999.6,699.5,838.5
Dec-04,"16,022.80","4,010.90",320.3,300.4,124.8,998.2,"2,267.30","12,011.90","2,527.00",785.2,979.6,"1,025.40",626,"1,053.00","1,731.90",727.5,"1,020.00",697.8,838.6
Jan-05,"16,034.00","4,025.90",316.9,296.9,122.4,"1,002.50","2,287.00","12,008.10","2,557.10",784,978.6,"1,022.60",626.7,"1,051.30","1,713.70",716.3,"1,023.20",702.9,831.6
Feb-05,"16,047.10","3,991.30",323.7,303.4,120.6,987.5,"2,256.00","12,055.80","2,557.20",788.1,984.1,"1,029.20",638,"1,072.70","1,722.70",729.6,"1,006.10",696.5,831.6
Mar-05,"16,046.50","4,006.40",332.5,298.8,124.7,995.2,"2,255.20","12,040.00","2,560.40",773.5,993.5,"1,020.00",637.3,"1,080.40","1,727.60",734,988.8,688.1,836.5
Apr-05,"16,072.30","4,007.30",334.6,305,125.2,"1,015.80","2,226.70","12,065.00","2,531.80",786.2,985.1,"1,040.40",634.4,"1,104.30","1,708.40",723.9,997.2,697,856.2
May-05,"16,076.70","3,980.10",346,309.7,121.5,995.6,"2,207.30","12,096.60","2,562.10",813.4,994.2,"1,036.80",657.8,"1,092.10","1,704.80",717.4,988,689.3,840.7
Jun-05,"16,101.80","4,031.30",349.3,313.1,126.5,"1,030.10","2,212.30","12,070.50","2,559.40",791.9,977.4,"1,043.30",651,"1,095.60","1,711.30",715.2,994.9,693.1,837.6
Jul-05,"16,142.20","3,983.40",362.5,311.7,121.6,992.2,"2,195.40","12,158.80","2,581.10",800.1,986.6,"1,031.60",653.9,"1,120.00","1,732.90",727.1,996.9,696.9,831.6
Aug-05,"16,186.60","4,022.40",354.5,319.5,124.7,"1,039.30","2,184.30","12,164.30","2,576.80",810,990.9,"1,043.50",667.3,"1,107.80","1,734.40",712,993.4,684.5,843.8
Sep-05,"16,172.20","3,999.70",343.9,316.7,124.6,"1,046.00","2,168.50","12,172.50","2,564.20",810.1,967.4,"1,044.30",659.9,"1,116.10","1,742.10",731.9,988.6,705.6,842.3
Oct-05,"16,211.70","3,991.60",349.4,321.2,122.5,"1,042.20","2,156.30","12,220.20","2,588.90",806.4,982.5,"1,065.00",657,"1,121.90","1,752.30",728.9,"1,001.70",693,822.6
Nov-05,"16,241.20","3,994.50",343.3,311.6,120,"1,062.60","2,157.10","12,246.70","2,593.40",808.5,970.6,"1,057.90",664.6,"1,135.20","1,734.10",737.8,"1,022.60",697.3,824.6
Dec-05,"16,232.30","3,990.70",346.6,315.3,127,"1,056.10","2,145.70","12,241.60","2,602.40",791,992.1,"1,078.20",655.1,"1,141.80","1,713.20",745.4,"1,019.20",668.3,834.9
Jan-06,"16,261.00","3,932.30",343.2,318.5,122.3,"1,067.20","2,081.10","12,328.70","2,611.10",807.2,986.4,"1,085.50",687.9,"1,133.60","1,716.50",745.6,"1,018.50",692.4,844.1
Feb-06,"16,292.20","4,002.40",352.6,320.9,120.7,"1,085.80","2,122.40","12,289.80","2,623.70",806.2,986.4,"1,078.10",667.8,"1,130.00","1,726.50",744.3,"1,002.30",704.8,819.8
Mar-06,"16,347.30","4,013.80",350.1,330.2,116.3,"1,097.40","2,119.70","12,333.50","2,620.50",809.7,997.4,"1,080.80",680.1,"1,136.70","1,727.30",744.6,"1,007.20",707.4,821.8
Apr-06,"16,383.50","4,020.30",354.8,331.2,118.7,"1,093.40","2,122.20","12,363.20","2,652.30",806.1,995.4,"1,066.50",692.4,"1,134.60","1,729.90",756.5,"1,000.30",712.8,816.4
May-06,"16,450.40","4,012.40",345.3,334.7,119.9,"1,107.30","2,105.20","12,438.00","2,645.50",803.2,"1,028.90","1,073.70",686.2,"1,147.30","1,740.40",754.6,"1,017.20",708.3,832.8
Jun-06,"16,432.50","3,977.00",337.8,341.6,117.4,"1,088.90","2,091.40","12,455.50","2,642.10",808.7,"1,028.40","1,068.60",690.9,"1,141.20","1,762.90",744.3,"1,029.10",702.6,836.7
Jul-06,"16,440.40","3,959.70",339.4,347,117.5,"1,088.80","2,066.90","12,480.80","2,628.10",797.6,"1,017.60","1,070.90",695,"1,204.40","1,765.30",738.1,"1,028.10",694.1,841.7
Aug-06,"16,435.60","3,959.20",342.7,341.7,116.5,"1,090.30","2,068.10","12,476.40","2,632.30",806.9,"1,013.00","1,082.20",694.7,"1,161.50","1,768.90",746.3,"1,041.00",691.7,837.8
Sep-06,"16,468.00","3,987.80",341.4,347.2,114.7,"1,107.80","2,076.70","12,480.20","2,656.30",803.2,"1,011.30","1,088.70",701.6,"1,145.60","1,764.10",738.1,"1,047.10",692.6,831.8
Oct-06,"16,487.50","3,982.20",330.5,346.7,117.1,"1,112.70","2,075.30","12,505.30","2,643.90",806.3,"1,023.20","1,076.40",709.6,"1,160.10","1,766.50",735.3,"1,053.70",692.7,837.5
Nov-06,"16,487.50","3,995.40",335.3,347,118.2,"1,116.40","2,078.40","12,492.10","2,641.10",803.1,"1,021.50","1,083.80",713.8,"1,156.90","1,767.00",732.8,"1,052.50",680.7,839.1
Dec-06,"16,549.60","4,015.70",339.6,344.3,118.4,"1,135.50","2,077.90","12,533.90","2,633.90",810,"1,022.20","1,086.70",724.7,"1,162.90","1,780.60",733.6,"1,048.80",696.5,834.1
Jan-07,"16,615.00","4,018.30",341.6,350.1,119.2,"1,145.90","2,061.60","12,596.70","2,640.00",816.9,"1,022.20","1,092.00",710.6,"1,163.90","1,790.80",746.2,"1,069.00",698.1,847.1
Feb-07,"16,636.40","3,997.10",330.1,349,119.6,"1,151.40","2,047.10","12,639.30","2,648.10",829,"1,021.70","1,097.10",719.1,"1,163.80","1,792.90",744.9,"1,078.70",694.7,849.3
Mar-07,"16,664.80","3,962.30",325.2,344.3,120.3,"1,146.20","2,026.40","12,702.40","2,664.10",829.5,"1,034.70","1,108.60",705.7,"1,168.20","1,811.10",745.3,"1,084.40",704.6,846.2
Apr-07,"16,658.60","3,961.80",326.6,348.6,119.1,"1,154.90","2,012.70","12,696.70","2,661.50",831,"1,033.00","1,111.90",702.8,"1,161.00","1,820.10",738,"1,087.20",700.6,849.7
May-07,"16,682.10","3,967.30",321.7,346.6,121.4,"1,162.20","2,015.40","12,714.90","2,669.80",840.3,"1,031.60","1,130.20",705.1,"1,157.50","1,816.90",740.1,"1,082.90",697.6,842.8
Jun-07,"16,728.20","3,969.60",325.3,341.4,125.2,"1,162.10","2,015.60","12,758.60","2,665.20",849,"1,027.20","1,134.00",718.9,"1,167.40","1,811.90",743.7,"1,082.20",707.7,851.5
Jul-07,"16,796.20","3,999.70",328.6,339.1,131.2,"1,172.50","2,028.30","12,796.50","2,684.30",858.1,"1,034.70","1,142.40",728.7,"1,129.90","1,823.10",743.5,"1,095.60",701.8,854.5
Aug-07,"16,817.50","3,992.00",328.4,344.3,132.4,"1,165.20","2,021.60","12,825.50","2,678.50",848.7,"1,037.20","1,142.10",738.1,"1,167.20","1,829.40",734.1,"1,092.70",701.6,855.9
Sep-07,"16,836.20","3,964.50",332.2,341.6,131.4,"1,160.70","1,998.70","12,871.70","2,667.70",863.8,"1,050.20","1,145.10",733,"1,176.20","1,839.40",742.6,"1,083.40",706.2,864.1
Oct-07,"16,883.70","3,964.10",332,342.9,131.1,"1,168.30","1,989.80","12,919.60","2,671.50",860.4,"1,048.40","1,155.10",737.2,"1,158.20","1,849.90",749,"1,083.80",719,887.2
Nov-07,"16,904.80","3,962.90",333,341.8,134,"1,179.00","1,975.00","12,942.00","2,678.70",881,"1,050.10","1,148.40",741.8,"1,160.20","1,855.50",742.3,"1,084.90",724.2,874.9
Dec-07,"16,907.10","3,943.30",323.2,344.6,135.9,"1,189.40","1,950.20","12,963.70","2,689.70",879.7,"1,059.80","1,139.90",752.2,"1,159.80","1,863.90",742.7,"1,076.80",718.9,880.3
Jan-08,"16,932.20","3,971.90",332.1,341.5,139.1,"1,208.70","1,950.60","12,960.30","2,662.70",890,"1,066.20","1,166.00",741.7,"1,165.80","1,861.00",736.1,"1,063.70",728.1,878.9
Feb-08,"16,967.50","3,965.10",327,341.7,141.1,"1,223.60","1,931.80","13,002.50","2,692.10",882.6,"1,076.20","1,176.70",729.1,"1,161.90","1,858.80",743.1,"1,064.60",730.2,887.1
Mar-08,"16,972.10","3,972.80",326.6,343.3,138.7,"1,232.10","1,932.00","12,999.30","2,689.70",887.7,"1,070.40","1,170.70",737.1,"1,153.30","1,857.30",740.8,"1,079.20",722,891
Apr-08,"16,971.80","3,985.40",322.6,340.3,139.6,"1,250.00","1,932.90","12,986.40","2,682.30",875.9,"1,072.80","1,180.00",726.4,"1,154.80","1,864.10",730.2,"1,088.40",720.9,890.6
May-08,"16,986.80","4,008.20",327.7,341.7,140.8,"1,250.10","1,947.90","12,978.60","2,665.90",869.5,"1,073.30","1,173.20",707.7,"1,146.50","1,890.30",727.2,"1,095.80",734,895.2
Jun-08,"16,996.20","4,004.80",327.6,341.8,139.3,"1,251.40","1,944.70","12,991.50","2,688.10",858.7,"1,077.10","1,190.60",702.2,"1,149.00","1,892.90",722.6,"1,087.50",728.8,893.9
Jul-08,"16,980.90","3,986.70",324.8,338.7,143.7,"1,258.70","1,920.80","12,994.30","2,679.00",868.6,"1,083.50","1,193.50",693.5,"1,149.50","1,891.80",722.9,"1,079.40",737,895.6
Aug-08,"17,003.30","4,006.70",321.2,336.5,146.5,"1,273.50","1,929.00","12,996.50","2,667.70",874.8,"1,081.60","1,186.70",691.2,"1,138.90","1,895.20",735.2,"1,093.10",740.8,891.3
Sep-08,"17,025.40","3,995.90",327.9,343.1,145.2,"1,268.20","1,911.50","13,029.50","2,676.80",867.7,"1,075.70","1,195.00",698.6,"1,139.30","1,900.90",724.8,"1,111.70",746.9,892
Oct-08,"17,070.50","3,982.40",326.8,349.3,144.7,"1,268.00","1,893.60","13,088.10","2,679.00",865.6,"1,074.30","1,198.30",697.3,"1,145.40","1,904.10",717.3,"1,103.10",757.6,946.1
Nov-08,"16,982.70","3,954.40",316.7,346,145.9,"1,275.60","1,870.20","13,028.40","2,682.00",853.2,"1,069.20","1,208.50",689.9,"1,135.40","1,910.00",722.1,"1,091.70",759,907.3
Dec-08,"16,972.30","3,941.10",322.5,347,146.3,"1,248.70","1,876.50","13,031.20","2,676.00",859.4,"1,072.50","1,196.60",692.9,"1,129.80","1,917.40",726.5,"1,094.30",751.8,913.9
Jan-09,"16,824.70","3,827.30",315.1,342,148.6,"1,226.90","1,794.60","12,997.40","2,670.00",844.7,"1,074.80","1,183.70",681.4,"1,130.40","1,943.80",718.8,"1,087.60",758,904.3
Feb-09,"16,782.30","3,792.40",323.1,326.7,148.4,"1,211.50","1,782.70","12,989.90","2,656.80",839.9,"1,075.70","1,166.50",689.2,"1,128.50","1,948.80",716.4,"1,099.40",763.1,905.4
Mar-09,"16,756.40","3,785.40",321.7,317.2,150.5,"1,208.60","1,787.50","12,970.90","2,652.80",837.8,"1,070.40","1,165.20",682.1,"1,135.10","1,944.00",715.5,"1,076.90",780.1,911.1
Apr-09,"16,730.80","3,737.60",329.7,308.3,145.6,"1,176.40","1,777.60","12,993.20","2,661.80",841.8,"1,066.10","1,167.80",682.4,"1,148.80","1,949.70",723.6,"1,071.90",765.8,913.3
May-09,"16,740.70","3,712.90",320.3,311.9,147.8,"1,183.40","1,749.60","13,027.80","2,664.10",825.9,"1,064.60","1,168.50",685.4,"1,158.00","1,938.60",740.7,"1,061.90",793.1,926.8
Jun-09,"16,712.70","3,713.60",322.4,311.2,144,"1,194.90","1,741.20","12,999.10","2,633.10",821.7,"1,086.60","1,171.50",675.7,"1,164.30","1,928.30",743.2,"1,077.20",771.4,926.3
Jul-09,"16,702.80","3,711.20",315.1,314.7,142.1,"1,199.20","1,740.10","12,991.60","2,648.80",820.3,"1,080.00","1,178.30",678.7,"1,162.20","1,932.60",732.6,"1,053.90",768.8,935.5
Aug-09,"16,702.70","3,701.00",318,314.2,143.5,"1,188.80","1,736.50","13,001.70","2,655.10",813,"1,086.10","1,184.60",671,"1,138.00","1,941.20",738.6,"1,053.80",776.9,943.4
Sep-09,"16,743.80","3,733.30",316.3,310.1,147.1,"1,200.10","1,759.80","13,010.40","2,638.50",804.4,"1,088.00","1,186.10",671.7,"1,177.50","1,949.20",742.8,"1,039.30",774.2,938.9
Oct-09,"16,753.20","3,732.50",311,305.1,148.3,"1,204.10","1,764.00","13,020.80","2,656.40",811.4,"1,096.40","1,172.70",665,"1,183.70","1,952.70",745.7,"1,038.90",764.4,933.5
Nov-09,"16,824.70","3,734.40",314.9,309.2,144.6,"1,200.20","1,765.50","13,090.30","2,661.80",818.8,"1,099.80","1,184.20",678.5,"1,187.50","1,969.50",738.9,"1,050.30",768.2,932.6
Dec-09,"16,797.40","3,728.30",309.5,309.8,143.9,"1,207.70","1,757.30","13,069.20","2,688.50",801.5,"1,095.10","1,190.80",658.2,"1,185.40","1,973.20",734.5,"1,049.90",762.6,929.4
Jan-10,"16,825.00","3,715.80",306.9,313.9,141.6,"1,211.10","1,742.20","13,109.20","2,681.40",792.7,"1,100.40","1,201.30",678.4,"1,180.70","1,979.30",737.1,"1,070.80",760.7,926.3
Feb-10,"16,818.00","3,725.40",306,326,143.8,"1,203.00","1,746.60","13,092.60","2,680.60",792.8,"1,083.80","1,205.30",676.1,"1,174.50","1,986.90",725.8,"1,069.40",768.1,929.2
Mar-10,"16,861.70","3,721.00",307.2,327.7,141.3,"1,218.50","1,726.30","13,140.70","2,693.30",787.5,"1,080.40","1,223.40",680.8,"1,182.10","1,997.80",740.2,"1,065.30",752.9,937
Apr-10,"16,928.50","3,740.10",299.9,327.8,143.9,"1,242.60","1,725.90","13,188.40","2,701.40",792.3,"1,082.00","1,229.60",678.4,"1,176.20","2,006.10",753,"1,072.90",758.3,938.1
May-10,"16,946.80","3,731.50",303.1,329,142,"1,236.00","1,721.40","13,215.30","2,715.30",812.5,"1,080.90","1,234.70",688.2,"1,167.80","2,016.80",744.6,"1,072.40",751.3,930.8
Jun-10,"17,024.60","3,746.20",297.6,330.6,140.7,"1,244.50","1,732.80","13,278.50","2,733.80",807.3,"1,083.40","1,235.50",695.1,"1,156.60","2,047.20",753.6,"1,074.20",755.6,936.3
Jul-10,"17,036.50","3,750.00",303.3,335.7,140.4,"1,231.30","1,739.30","13,286.50","2,710.50",802,"1,071.90","1,238.90",695.9,"1,161.70","2,047.20",753.5,"1,100.90",768.3,935.9
Aug-10,"17,062.10","3,755.00",299.9,335.7,138.8,"1,249.30","1,731.30","13,307.10","2,718.80",812.9,"1,072.30","1,259.10",690.3,"1,170.70","2,056.00",735.4,"1,088.80",762.9,939.9
Sep-10,"17,058.40","3,751.40",294.4,335.9,142,"1,250.30","1,728.70","13,307.10","2,710.00",817.5,"1,085.40","1,237.70",705.2,"1,167.20","2,042.00",747.1,"1,088.80",766,940.3
Oct-10,"17,044.30","3,746.00",301.9,313.8,137.9,"1,254.80","1,737.60","13,298.30","2,696.10",818.6,"1,088.90","1,246.20",710.1,"1,161.70","2,041.20",757.6,"1,078.60",765.6,933.7
Nov-10,"17,089.40","3,773.00",303.3,325.9,134.5,"1,267.80","1,741.50","13,316.40","2,708.50",821.7,"1,088.70","1,249.70",705.8,"1,169.60","2,040.90",756,"1,083.00",763,929.4
Dec-10,"17,117.40","3,779.60",302.9,327,133.8,"1,266.10","1,749.80","13,337.70","2,711.50",826.8,"1,076.60","1,261.80",704,"1,169.40","2,043.80",750.1,"1,089.60",776.2,927.9
Jan-11,"17,187.20","3,801.10",310.8,332.6,134.5,"1,272.90","1,750.40","13,386.10","2,708.10",826.8,"1,077.30","1,258.70",711.5,"1,166.80","2,056.20",772.2,"1,092.50",767.5,948.5
Feb-11,"17,174.80","3,812.30",307.1,329.7,135.3,"1,282.30","1,757.90","13,362.40","2,688.40",833,"1,085.10","1,264.90",692.9,"1,166.80","2,062.00",766.9,"1,093.40",762,947
Mar-11,"17,173.70","3,819.00",305.5,336.8,133,"1,286.80","1,757.00","13,354.70","2,674.40",839.5,"1,092.80","1,269.80",696.1,"1,169.20","2,049.60",755.9,"1,109.70",763.1,934.8
Apr-11,"17,222.10","3,819.20",301.9,344.3,133.2,"1,287.80","1,752.10","13,402.90","2,673.90",831.8,"1,106.20","1,273.50",704.1,"1,173.00","2,061.70",760,"1,106.10",768,944.7
May-11,"17,187.40","3,833.50",299,343.5,134.7,"1,296.30","1,760.10","13,353.90","2,664.20",829.2,"1,101.60","1,273.80",703.6,"1,169.00","2,065.80",756.9,"1,108.90",751.8,929.2
Jun-11,"17,218.80","3,816.00",307.7,345.8,135.2,"1,290.50","1,736.90","13,402.80","2,678.10",841.3,"1,108.40","1,262.40",693.8,"1,176.10","2,070.30",767.8,"1,120.40",756.9,927.3
Jul-11,"17,256.40","3,813.80",301.9,340.8,132.4,"1,310.50","1,728.10","13,442.60","2,694.60",847.6,"1,107.50","1,263.30",692.4,"1,166.70","2,073.90",770.4,"1,129.30",768.4,928.5
Aug-11,"17,269.40","3,827.00",302.9,342.3,128.8,"1,323.00","1,730.00","13,442.40","2,705.70",843.5,"1,109.60","1,261.80",691.7,"1,176.20","2,068.90",762.3,"1,134.40",768.9,919.2
Sep-11,"17,272.00","3,833.60",302.5,349.8,126.6,"1,321.80","1,732.90","13,438.40","2,701.50",844,"1,089.70","1,277.70",690.9,"1,171.00","2,066.50",751.6,"1,146.40",770.1,928.8
Oct-11,"17,258.00","3,826.30",303.2,350.7,127.2,"1,326.40","1,718.80","13,431.70","2,689.70",852.4,"1,079.30","1,280.30",696.3,"1,167.20","2,070.40",745,"1,155.80",768.2,927
Nov-11,"17,241.40","3,820.10",300.6,355.7,128.6,"1,314.00","1,721.20","13,421.30","2,677.80",852.9,"1,080.70","1,285.70",684.4,"1,169.80","2,080.20",739.5,"1,148.10",775.7,926.6
Dec-11,"17,258.20","3,821.10",298.9,360.4,126.8,"1,305.40","1,729.60","13,437.10","2,653.80",856.2,"1,081.50","1,293.70",686.3,"1,172.50","2,091.60",747.1,"1,151.50",783.7,919.1
Jan-12,"17,270.10","3,830.30",295.5,363.5,128.1,"1,302.40","1,740.80","13,439.80","2,657.80",863.9,"1,076.50","1,291.60",687.3,"1,187.60","2,080.70",738.6,"1,148.30",790.3,917.1
Feb-12,"17,245.00","3,832.70",290.4,367.2,126.1,"1,312.60","1,736.40","13,412.30","2,642.90",847.7,"1,087.90","1,286.50",696.4,"1,191.70","2,078.60",742.6,"1,131.20",796.3,910.3
Mar-12,"17,338.60","3,863.90",293.8,376.1,129.5,"1,306.80","1,757.70","13,474.70","2,652.00",849.9,"1,091.20","1,290.50",701.2,"1,183.60","2,099.20",755.7,"1,139.60",793.7,918.1
Apr-12,"17,416.20","3,895.30",304.5,377.7,129.3,"1,315.60","1,768.10","13,520.90","2,676.00",856.7,"1,082.20","1,281.00",708,"1,188.80","2,090.00",750.3,"1,164.00",809.8,914.3
May-12,"17,412.20","3,908.40",305.6,379.8,126.7,"1,324.10","1,772.30","13,503.80","2,664.90",863.3,"1,076.20","1,275.20",696.8,"1,191.50","2,096.80",737.2,"1,169.90",809.9,922.2
Jun-12,"17,414.70","3,915.00",295.2,379.4,127.9,"1,329.10","1,783.20","13,499.80","2,661.40",850.5,"1,086.50","1,274.80",708.6,"1,202.00","2,092.40",731.3,"1,167.00",803.6,921.7
Jul-12,"17,439.80","3,941.40",303.4,380.1,125.6,"1,341.20","1,791.10","13,498.40","2,639.20",858.2,"1,098.20","1,259.10",706.4,"1,212.80","2,107.90",745.2,"1,160.20",798.8,912.4
Aug-12,"17,486.00","3,938.80",308.3,380.5,131.6,"1,328.00","1,790.50","13,547.20","2,672.60",858.7,"1,100.10","1,269.40",709.2,"1,206.10","2,113.90",747.5,"1,150.50",804.4,914.8
Sep-12,"17,534.50","3,939.10",311.3,372.3,134.9,"1,332.80","1,787.60","13,595.40","2,686.90",871.7,"1,104.10","1,281.80",686.8,"1,209.20","2,123.90",747.1,"1,174.60",796.4,913
Oct-12,"17,543.20","3,928.20",308.2,376,136.1,"1,326.50","1,781.30","13,615.00","2,699.40",863.9,"1,103.20","1,282.00",695.3,"1,227.50","2,129.80",738.3,"1,159.10",802.6,914
Nov-12,"17,563.80","3,921.00",308.9,372.4,137.2,"1,330.70","1,771.80","13,642.80","2,689.20",861.9,"1,114.60","1,281.50",700,"1,223.60","2,139.70",743.5,"1,169.20",796.5,923
Dec-12,"17,609.50","3,938.40",314.6,371.2,132.5,"1,348.10","1,771.90","13,671.10","2,717.10",870.4,"1,096.30","1,268.20",709.1,"1,231.10","2,133.40",745.8,"1,172.40",799.7,927.6
Jan-13,"17,600.70","3,926.80",312.4,372.3,128,"1,353.80","1,760.30","13,673.90","2,733.90",870.3,"1,100.10","1,276.10",715.3,"1,226.20","2,129.00",738.7,"1,159.00",795,930.3
Feb-13,"17,676.10","3,936.00",315.5,371.7,128.1,"1,358.20","1,762.60","13,740.10","2,729.90",884,"1,101.60","1,291.40",724.7,"1,226.40","2,143.70",748,"1,168.00",790.7,931.6
Mar-13,"17,610.40","3,918.80",316.8,363.5,127.9,"1,359.30","1,751.40","13,691.50","2,722.30",879.8,"1,096.00","1,290.30",714.7,"1,230.00","2,144.40",742.9,"1,158.00",787.2,925.9
Apr-13,"17,641.30","3,943.70",316.3,366.1,127.7,"1,381.00","1,752.50","13,697.70","2,724.10",885.4,"1,100.30","1,301.80",700.7,"1,233.40","2,161.30",741.8,"1,149.60",777.8,921.6
May-13,"17,692.50","3,950.60",315.9,373.9,129.7,"1,386.20","1,744.90","13,741.90","2,741.30",875,"1,105.90","1,296.80",724.1,"1,236.10","2,148.80",752.7,"1,153.60",784.6,923.3
Jun-13,"17,682.10","3,945.10",322.7,372.8,131.4,"1,381.40","1,736.80","13,737.00","2,753.60",880,"1,092.80","1,306.30",729.8,"1,234.10","2,159.30",746.8,"1,146.60",777.9,909.8
Jul-13,"17,650.10","3,945.20",320,371.7,133.8,"1,379.00","1,740.80","13,704.90","2,750.10",876.7,"1,107.80","1,324.00",754.5,"1,214.90","2,125.20",726.7,"1,137.60",786.7,900.7
Aug-13,"17,677.90","3,922.30",314.4,372.9,132.6,"1,374.30","1,728.00","13,755.60","2,739.30",881.3,"1,113.30","1,320.70",738,"1,220.10","2,153.70",747.6,"1,161.90",781.5,898.2
Sep-13,"17,659.60","3,904.30",318.8,371.1,134.5,"1,360.10","1,719.80","13,755.30","2,757.20",874.2,"1,119.70","1,319.10",739.5,"1,227.10","2,158.90",747.1,"1,145.70",774.3,892.4
Oct-13,"17,664.40","3,935.90",322.2,374.1,133.8,"1,376.00","1,729.90","13,728.50","2,741.70",870.1,"1,095.80","1,327.70",722.3,"1,225.00","2,173.20",753.6,"1,153.60",768.2,897.1
Nov-13,"17,691.30","3,927.10",316.1,369.6,136.2,"1,369.70","1,735.50","13,764.30","2,748.80",879.3,"1,094.20","1,323.30",739.4,"1,224.30","2,167.30",759.6,"1,158.90",774.1,895
Dec-13,"17,668.90","3,906.70",306.6,359.3,138.5,"1,368.70","1,733.60","13,762.20","2,753.00",881.6,"1,106.00","1,322.80",734.7,"1,213.60","2,161.80",761.4,"1,163.50",763.6,900.1
Jan-14,"17,666.40","3,904.90",309.4,367.8,136.6,"1,369.50","1,721.60","13,761.60","2,755.90",885.1,"1,111.00","1,326.00",713,"1,205.20","2,177.00",758.7,"1,171.70",759.7,898.1
Feb-14,"17,662.70","3,898.50",313.3,377.8,134.1,"1,353.50","1,719.80","13,764.20","2,773.30",884.5,"1,093.20","1,321.50",709.5,"1,207.50","2,176.70",763,"1,179.10",761.7,894.1
Mar-14,"17,699.40","3,908.50",312.9,371.8,134.5,"1,365.70","1,723.60","13,790.90","2,783.80",876,"1,083.60","1,324.60",724.9,"1,210.40","2,185.90",758.4,"1,178.70",766,898.5
Apr-14,"17,691.20","3,886.20",306.5,371.8,135.6,"1,350.50","1,721.80","13,805.00","2,794.50",879.2,"1,085.60","1,323.10",737.1,"1,207.80","2,193.70",754.5,"1,165.40",763.7,900.5
May-14,"17,687.70","3,868.80",307.7,362.2,132.8,"1,353.70","1,712.40","13,818.90","2,786.30",885.8,"1,084.50","1,325.50",723.5,"1,219.80","2,194.00",761.6,"1,174.70",762.9,900.6
Jun-14,"17,720.50","3,899.70",303.4,364.4,133.9,"1,368.90","1,729.10","13,820.80","2,778.80",889.5,"1,085.40","1,331.10",724.7,"1,219.10","2,182.80",752,"1,175.20",776.9,905.4
Jul-14,"17,771.90","3,896.10",299.6,369.6,130.2,"1,362.00","1,734.80","13,875.80","2,784.30",893.1,"1,105.10","1,329.50",708.3,"1,245.10","2,184.10",755.2,"1,189.50",764.4,917.1
Aug-14,"17,723.70","3,891.10",300.2,366.2,131.5,"1,358.50","1,734.80","13,832.60","2,778.90",892.2,"1,093.20","1,332.20",728.1,"1,230.30","2,188.20",750.3,"1,160.50",767,911.7
Sep-14,"17,756.00","3,912.50",294.6,373.3,132.1,"1,373.60","1,738.90","13,843.50","2,774.40",899.3,"1,095.10","1,318.30",724.3,"1,236.00","2,198.20",739.6,"1,174.20",769.5,914.6
Oct-14,"17,782.20","3,907.80",294.9,367.4,137.7,"1,363.20","1,744.60","13,874.30","2,776.10",901,"1,104.70","1,321.90",727.6,"1,233.20","2,206.00",744.9,"1,199.80",748.9,910.4
Nov-14,"17,784.50","3,905.50",291.9,371.4,139.2,"1,370.20","1,732.80","13,878.90","2,775.50",900.9,"1,104.20","1,317.90",733.4,"1,241.60","2,215.10",752.4,"1,190.10",745.2,902.7
Dec-14,"17,821.70","3,916.80",306.6,370,140.4,"1,373.20","1,726.60","13,904.80","2,780.60",901.1,"1,107.50","1,319.90",742.9,"1,246.50","2,225.70",750.2,"1,195.60",736.2,898.7
Jan-15,"17,813.10","3,900.00",302,367.1,139.3,"1,369.50","1,722.10","13,913.10","2,783.20",897.6,"1,105.60","1,341.50",746.8,"1,259.10","2,213.00",745.5,"1,192.70",734.6,893.5
Feb-15,"17,827.20","3,881.40",296,356.7,138.6,"1,371.10","1,718.90","13,945.90","2,779.50",896.1,"1,105.30","1,340.60",746.6,"1,272.70","2,230.30",740.1,"1,204.50",730.9,899.3
Mar-15,"17,854.10","3,877.40",292.6,361,136.8,"1,367.40","1,719.50","13,976.70","2,783.00",911.4,"1,098.50","1,334.60",744,"1,277.30","2,231.30",746.7,"1,215.10",735.2,899.6
Apr-15,"17,819.40","3,870.20",295.1,359.2,136.7,"1,357.00","1,722.20","13,949.20","2,755.60",907,"1,099.60","1,340.10",749.1,"1,275.00","2,230.30",742.7,"1,214.20",740.7,894.7
May-15,"17,843.70","3,875.10",289.8,360,137.4,"1,347.60","1,740.30","13,968.60","2,765.40",900.8,"1,113.50","1,343.20",749,"1,264.00","2,252.40",746.2,"1,216.10",729.7,888.5
Jun-15,"17,836.70","3,871.10",284.2,364.9,134.7,"1,350.90","1,736.30","13,965.60","2,760.50",909.6,"1,118.60","1,345.50",744.1,"1,272.20","2,253.80",732.1,"1,207.00",734.9,887.1
Jul-15,"17,863.30","3,880.20",294.5,360.9,136.6,"1,351.50","1,736.80","13,983.10","2,768.80",902.3,"1,113.30","1,356.90",741.3,"1,276.20","2,236.10",739.4,"1,203.90",740.4,904.5
Aug-15,"17,889.00","3,878.90",291.1,359.1,134.9,"1,357.20","1,736.70","14,010.10","2,769.30",902.9,"1,111.00","1,374.30",738.1,"1,292.50","2,247.30",730.3,"1,187.40",744.7,912.4
Sep-15,"17,890.20","3,881.50",294.8,355.6,132.7,"1,355.20","1,743.20","14,008.70","2,772.40",899.7,"1,108.10","1,372.90",752.8,"1,242.90","2,259.20",754.9,"1,183.30",759.4,903
Oct-15,"17,899.10","3,844.70",292,349.3,131.9,"1,333.30","1,738.20","14,054.40","2,774.60",907,"1,120.40","1,362.80",754.9,"1,251.90","2,253.40",761.5,"1,179.80",765,923.3
Nov-15,"17,872.60","3,880.80",297.3,350.3,130.3,"1,346.50","1,756.50","13,991.80","2,774.40",910.8,"1,104.30","1,382.20",739,"1,251.90","2,260.90",739.8,"1,186.40",750.5,891.6
Dec-15,"17,867.40","3,873.50",289.1,352.4,134,"1,347.40","1,750.50","13,993.90","2,755.00",904.3,"1,116.10","1,384.40",735,"1,263.30","2,272.20",733.5,"1,186.10",748.3,895.7
Jan-16,"17,871.60","3,868.10",285.3,344.1,135.1,"1,348.20","1,755.40","14,003.50","2,750.60",902.4,"1,111.50","1,376.30",733.9,"1,269.40","2,268.50",758.6,"1,187.20",756.6,888.7
Feb-16,"17,889.00","3,887.30",287.9,337.3,138.3,"1,369.80","1,753.90","14,001.80","2,772.10",906.2,"1,117.30","1,378.40",742.2,"1,256.40","2,261.80",763.4,"1,183.80",734.3,885.8
Mar-16,"17,892.80","3,854.50",284.2,331.5,138.3,"1,363.50","1,737.00","14,038.30","2,771.00",918.6,"1,123.40","1,380.10",735,"1,261.60","2,272.80",752.6,"1,193.40",750.3,879.4
Apr-16,"17,919.70","3,834.50",282.8,325.1,139.3,"1,366.60","1,720.70","14,085.20","2,813.30",917,"1,123.30","1,382.50",731.7,"1,254.50","2,284.00",749.1,"1,205.30",739.9,884.5
May-16,"17,947.40","3,844.50",287.7,316.5,136.1,"1,389.30","1,715.00","14,102.90","2,773.80",911,"1,137.10","1,378.00",747,"1,272.40","2,270.30",753.2,"1,187.10",764.2,908.7
Jun-16,"17,954.50","3,809.70",284.9,308.4,134.1,"1,372.00","1,710.20","14,144.80","2,791.20",909.7,"1,137.80","1,373.70",755.7,"1,265.70","2,265.00",773.7,"1,204.20",766.6,901.6
Jul-16,"17,943.20","3,824.20",288.8,309.4,134.3,"1,377.70","1,714.10","14,119.00","2,788.30",913.2,"1,125.20","1,362.80",755.7,"1,264.30","2,290.50",764.3,"1,205.70",760.4,888.7
Aug-16,"17,994.20","3,855.70",289,312.9,134.4,"1,383.60","1,735.80","14,138.50","2,801.40",910.4,"1,122.00","1,352.20",748.8,"1,255.10","2,297.20",771.6,"1,220.00",766.7,893.1
Sep-16,"18,032.50","3,860.20",286.3,312,132.8,"1,379.20","1,749.90","14,172.30","2,789.60",912,"1,132.00","1,361.40",758.8,"1,263.30","2,295.10",783.7,"1,222.20",758.5,895.6
Oct-16,"18,051.20","3,860.70",279.1,320.7,133.2,"1,404.70","1,723.10","14,190.50","2,805.20",907.4,"1,140.80","1,360.20",745.3,"1,264.40","2,295.90",775,"1,222.80",768.2,905.4
Nov-16,"18,076.00","3,832.90",282,316.5,133.5,"1,389.00","1,711.90","14,243.10","2,803.90",914.1,"1,154.60","1,367.50",747,"1,259.30","2,291.20",787.5,"1,221.10",778.7,918.2
Dec-16,"18,104.00","3,831.80",278.1,310.2,137.5,"1,383.60","1,722.30","14,272.30","2,830.90",910.2,"1,154.40","1,386.60",726.2,"1,255.30","2,308.30",790.3,"1,204.50",783.2,922.5
Jan-17,"18,172.50","3,859.70",284.9,317.5,135,"1,399.10","1,723.20","14,312.80","2,822.90",922.7,"1,156.80","1,386.70",745.2,"1,262.50","2,317.80",771.4,"1,222.20",775.1,929.5
Feb-17,"18,216.60","3,870.20",284.3,319.2,133.1,"1,398.20","1,735.40","14,346.40","2,843.80",924,"1,165.30","1,399.20",744.6,"1,262.40","2,306.70",767.8,"1,227.00",775.2,930.4
Mar-17,"18,241.50","3,867.60",282.6,319,132.2,"1,394.40","1,739.40","14,373.90","2,851.60",924.8,"1,176.80","1,402.00",761.2,"1,257.10","2,319.90",778.2,"1,212.60",768.5,921.3
Apr-17,"18,271.60","3,888.40",283.4,319.1,126.5,"1,410.00","1,749.40","14,383.20","2,854.70",926.7,"1,179.20","1,403.30",747.7,"1,277.20","2,328.60",776,"1,203.70",766.5,919.6
May-17,"18,312.90","3,888.10",275.4,322.7,127,"1,407.60","1,755.40","14,424.80","2,873.40",938.1,"1,163.30","1,416.30",753.2,"1,269.30","2,349.00",759.7,"1,205.30",774.9,922.5
Jun-17,"18,371.40","3,908.40",281.4,319.3,128.5,"1,414.40","1,764.60","14,463.00","2,878.10",925.4,"1,167.10","1,431.80",737.8,"1,273.20","2,365.90",760.2,"1,211.70",783.7,928.3
Jul-17,"18,416.90","3,927.00",278.1,323.8,128.1,"1,416.20","1,780.80","14,489.90","2,897.70",945.3,"1,166.40","1,443.80",747.2,"1,260.70","2,359.70",769.7,"1,210.70",768.6,920.2
Aug-17,"18,436.40","3,926.10",280.5,324.3,126.3,"1,417.60","1,777.30","14,510.30","2,899.70",949.7,"1,177.20","1,445.10",756.7,"1,234.20","2,368.10",775.3,"1,225.70",757.5,921
Sep-17,"18,442.50","3,916.50",272.6,327.1,125.7,"1,416.80","1,774.30","14,526.00","2,892.10",956,"1,169.90","1,450.60",747.6,"1,273.80","2,352.00",770.8,"1,226.80",769.2,917.2
Oct-17,"18,475.10","3,959.00",275.1,326.6,123.7,"1,449.20","1,784.50","14,516.10","2,858.10",960.8,"1,168.70","1,459.10",749.4,"1,267.30","2,350.90",777.6,"1,221.20",786.2,916.8
Nov-17,"18,550.50","3,967.20",270.9,322.1,122.2,"1,448.00","1,803.90","14,583.40","2,907.60",948.6,"1,172.60","1,454.80",736,"1,274.60","2,358.40",783,"1,229.80",797.2,920.9
Dec-17,"18,619.70","3,991.30",275.5,326.1,121.2,"1,465.00","1,803.50","14,628.40","2,909.40",956.1,"1,193.00","1,453.80",747.1,"1,284.90","2,360.00",779.4,"1,231.50",791.4,921.8
Jan-18,"18,576.80","3,972.30",275.5,320.2,126,"1,445.00","1,805.60","14,604.50","2,897.10",952.9,"1,186.60","1,439.10",755.4,"1,266.80","2,360.10",790,"1,237.20",800,919.3
Feb-18,"18,570.30","3,964.00",275.5,324.7,128.9,"1,440.00","1,794.80","14,606.30","2,892.60",965.4,"1,178.90","1,433.70",746.4,"1,276.30","2,378.60",772.7,"1,234.20",807.5,920
Mar-18,"18,630.10","4,000.20",282.5,325,134,"1,457.30","1,801.40","14,629.90","2,882.30",960.2,"1,185.20","1,443.60",754.4,"1,280.70","2,378.40",773,"1,245.30",797.4,929.6
Apr-18,"18,613.00","3,968.10",282.3,327.1,135.9,"1,424.80","1,798.00","14,644.90","2,869.00",964.8,"1,187.30","1,460.70",761.4,"1,283.10","2,377.30",771.1,"1,244.50",789.3,936.4
May-18,"18,621.70","3,961.30",286.8,327.2,141.1,"1,414.40","1,791.70","14,660.40","2,847.10",978.6,"1,199.50","1,471.20",766.3,"1,278.80","2,370.40",780.3,"1,259.20",773.8,935.2
Jun-18,"18,677.60","3,993.50",284.4,341.2,143.4,"1,434.30","1,790.30","14,684.10","2,867.20",985.5,"1,206.90","1,483.60",767.1,"1,273.40","2,377.60",775,"1,243.50",775.7,928.7
Jul-18,"18,763.90","3,963.50",282.9,336.2,144,"1,423.80","1,776.70","14,800.40","2,882.20",976.7,"1,211.10","1,492.40",768.9,"1,310.80","2,412.50",775.6,"1,242.50",789,938.9
Aug-18,"18,704.70","3,952.30",280.3,337,144.3,"1,423.20","1,767.50","14,752.40","2,869.50",990.6,"1,201.20","1,469.70",777.3,"1,310.90","2,413.60",764.9,"1,239.70",782,933.1
Sep-18,"18,797.50","3,992.60",288.8,339.7,146.9,"1,445.30","1,771.80","14,804.90","2,895.60",991.7,"1,217.10","1,472.10",775.3,"1,300.00","2,415.60",765.9,"1,235.50",785.2,951
Oct-18,"18,814.90","3,997.70",291.1,337.9,146.6,"1,438.40","1,783.70","14,817.30","2,898.30",998.9,"1,206.20","1,473.10",786.6,"1,300.70","2,426.80",762.9,"1,233.90",780.7,949.1
Nov-18,"18,869.40","4,003.30",292.3,341.8,147.6,"1,453.50","1,768.00","14,866.20","2,899.80","1,002.70","1,206.70","1,496.50",795.5,"1,309.00","2,432.30",757.3,"1,239.50",777.6,949.1
Dec-18,"18,892.80","4,002.70",299.5,340,143.7,"1,441.40","1,778.10","14,890.10","2,882.30","1,013.10","1,209.00","1,498.70",803.2,"1,314.60","2,442.80",756.1,"1,235.40",790,945.1
Jan-19,"18,920.50","3,969.00",292.1,343,139.5,"1,430.50","1,763.80","14,951.60","2,914.30","1,018.20","1,204.70","1,519.30",795.9,"1,318.10","2,459.60",758.2,"1,225.20",790.2,947.8
Feb-19,"18,965.70","3,960.10",293.2,344.5,134.8,"1,429.70","1,757.90","15,005.70","2,906.00","1,010.60","1,217.10","1,536.00",808.8,"1,315.50","2,456.50",774.2,"1,226.60",792.2,962.2
Mar-19,"18,932.90","3,948.10",287.6,340.5,134.7,"1,432.50","1,752.80","14,984.80","2,929.00","1,025.20","1,223.30","1,536.00",786.2,"1,312.30","2,427.50",774.7,"1,201.30",797,972.3
Apr-19,"19,053.70","3,986.90",290.7,338.1,135.2,"1,455.90","1,766.90","15,066.90","2,941.60","1,033.50","1,234.30","1,529.80",774.1,"1,316.00","2,437.60",795.5,"1,215.10",804.8,984.5
May-19,"19,067.30","3,994.70",293,333.2,137.4,"1,450.70","1,780.40","15,072.60","2,956.70","1,033.90","1,228.50","1,550.90",759.9,"1,307.40","2,451.70",786,"1,207.90",811.7,978.1
Jun-19,"19,078.60","3,990.90",294.6,330.3,137.6,"1,456.30","1,772.00","15,087.70","2,941.40","1,039.80","1,220.20","1,549.70",752.6,"1,324.20","2,469.50",799.1,"1,211.50",796.3,983.4
Jul-19,"19,072.40","3,999.30",295,328.7,133.7,"1,474.70","1,767.20","15,073.10","2,926.90","1,037.90","1,228.50","1,555.60",759.6,"1,317.70","2,474.20",791.4,"1,203.20",787.7,990.4
Aug-19,"19,133.90","4,016.10",295.2,323.9,133.4,"1,492.40","1,771.20","15,117.80","2,932.60","1,033.50","1,243.30","1,579.40",735.9,"1,327.40","2,488.30",789,"1,208.90",785,994.3
Sep-19,"19,142.80","4,024.00",296.8,319.8,126.3,"1,508.00","1,773.00","15,118.80","2,935.90","1,030.90","1,239.50","1,584.20",733.6,"1,333.90","2,495.30",769.7,"1,223.20",778.9,993.7
Oct-19,"19,130.90","3,997.00",293.8,328.9,127.5,"1,501.80","1,745.00","15,133.90","2,916.80","1,026.50","1,247.70","1,578.90",741.1,"1,333.50","2,500.20",765.8,"1,231.80",771.9,"1,019.60"
Nov-19,"19,096.80","3,979.70",295.2,323.1,130.3,"1,513.70","1,717.40","15,117.10","2,920.60","1,020.50","1,252.00","1,570.00",745.9,"1,343.70","2,503.00",767.2,"1,224.30",778.3,991.6
Dec-19,"19,186.50","3,990.50",290.5,323.3,129.4,"1,523.20","1,724.20","15,196.00","2,940.30","1,033.60","1,244.10","1,574.60",752,"1,344.40","2,516.60",782.3,"1,240.10",780.8,987.2
Jan-20,"19,204.70","4,007.90",302.9,320.6,133.6,"1,509.60","1,741.10","15,196.80","2,940.60","1,034.20","1,242.30","1,574.00",751.8,"1,353.10","2,518.10",782.6,"1,230.50",778.8,990.8
Feb-20,"19,202.90","4,011.10",302.9,314.9,134,"1,503.50","1,755.80","15,191.80","2,959.50","1,032.50","1,244.60","1,565.50",748.6,"1,344.70","2,519.40",780.7,"1,226.30",780.3,989.6
Mar-20,"18,058.20","3,935.20",281.8,320.6,130.8,"1,481.00","1,721.00","14,123.00","2,746.10",990.1,"1,217.50","1,587.70",707,"1,213.40","2,375.00",660.5,919.3,717.2,989.2
Apr-20,"16,085.80","3,343.20",277.8,290.2,133.5,"1,189.40","1,452.30","12,742.60","2,330.20",890.2,"1,199.30","1,495.70",637.3,"1,202.00","2,245.00",582.1,607.8,577.6,975.4
May-20,"16,410.70","3,527.80",274.5,294.9,129.2,"1,292.00","1,537.10","12,882.90","2,431.30",860.4,"1,204.20","1,497.10",621.8,"1,219.70","2,250.20",586.5,643.3,591,977.3
Jun-20,"17,469.30","3,710.70",277.2,292.4,131.2,"1,404.70","1,605.20","13,758.70","2,668.00",905.9,"1,227.60","1,503.80",682.4,"1,253.60","2,387.40",649.2,843.2,654.6,983
Jul-20,"17,895.50","3,760.80",271,304.7,130.8,"1,401.60","1,652.80","14,134.80","2,785.20",924.4,"1,225.70","1,543.50",671.9,"1,291.80","2,404.20",661.7,952.7,686.4,987.3
Aug-20,"18,129.30","3,813.50",272.8,295.3,131.7,"1,427.50","1,686.20","14,315.80","2,814.80",922.7,"1,220.80","1,565.20",691,"1,306.80","2,410.90",666.5,999.3,721.1,996.9
Sep-20,"18,555.90","3,896.30",275.8,292.6,140.9,"1,440.80","1,746.30","14,659.60","2,838.40",938.6,"1,234.50","1,592.30",695.8,"1,396.80","2,437.50",722.4,"1,052.60",742.9,"1,007.80"
Oct-20,"18,616.40","3,915.10",279.3,310.7,139.9,"1,439.50","1,745.70","14,701.30","2,862.50",926.9,"1,257.80","1,628.20",679.7,"1,419.10","2,441.60",705.4,"1,011.30",750.1,"1,018.70"
Nov-20,"18,650.00","3,930.60",283.7,319.9,135.2,"1,443.10","1,748.80","14,719.40","2,883.90",958.8,"1,277.80","1,619.80",680.5,"1,412.90","2,464.30",680.7,976.9,745.5,"1,018.40"
Dec-20,"18,591.70","3,953.20",277.9,323.6,137.8,"1,449.80","1,764.10","14,638.50","2,892.40",958.1,"1,287.50","1,641.30",660.5,"1,417.00","2,453.30",665.2,920.1,707,"1,036.10"
Jan-21,"18,392.10","3,958.90",274.5,323.8,138.1,"1,466.00","1,756.40","14,433.30","2,709.30",964.2,"1,300.80","1,668.20",673.4,"1,408.50","2,465.20",645.1,854.2,701,"1,043.40"
Feb-21,"18,632.00","3,957.40",273.8,324.3,140.6,"1,454.80","1,763.80","14,674.60","2,824.40",997,"1,295.60","1,653.70",674.5,"1,433.00","2,465.00",644.6,925.9,715.8,"1,045.10"
Mar-21,"18,873.00","3,977.20",279.5,322,141.9,"1,467.30","1,766.40","14,895.80","2,892.20",992.3,"1,282.20","1,659.80",674.4,"1,471.80","2,512.50",696.9,942.5,728.8,"1,042.40"
Apr-21,"18,673.80","3,973.70",280.2,324,139.9,"1,469.50","1,760.10","14,700.10","2,812.00",967.2,"1,312.50","1,673.70",677.4,"1,433.00","2,509.80",679,862.3,720.9,"1,052.30"
May-21,"18,623.60","3,934.30",270.8,329,139.4,"1,454.40","1,740.70","14,689.30","2,776.50",981.1,"1,308.70","1,690.30",685.8,"1,427.70","2,503.40",683.4,865.8,710,"1,056.40"
Jun-21,"18,894.40","3,912.10",264,328.7,140.3,"1,442.00","1,737.00","14,982.30","2,869.30",975.2,"1,313.60","1,709.40",686.5,"1,448.50","2,530.90",704.7,943.8,730,"1,070.40"
Jul-21,"19,016.50","3,917.40",261.5,337.8,142.3,"1,456.70","1,719.10","15,099.10","2,892.20",968.5,"1,343.80","1,716.10",691.1,"1,454.50","2,533.80",716.4,970.5,735.1,"1,077.20"
Aug-21,"19,081.70","3,917.90",252.7,324,137.2,"1,463.00","1,741.00","15,163.70","2,896.20",979.2,"1,318.50","1,715.60",686.8,"1,467.70","2,520.80",733.6,"1,052.90",714.7,"1,077.80"
Sep-21,"19,251.10","3,954.20",249.8,331.9,145.5,"1,469.00","1,758.10","15,296.90","2,916.30",988.4,"1,339.80","1,719.50",688.5,"1,472.90","2,541.50",749.7,"1,044.00",708.2,"1,128.00"
Oct-21,"19,288.10","3,951.10",246.6,327.1,144.9,"1,465.60","1,766.90","15,337.00","2,973.10","1,002.50","1,344.00","1,715.30",666.9,"1,465.20","2,553.70",766.8,"1,025.40",717.2,"1,107.10"
Nov-21,"19,437.30","3,967.30",249,322.7,137.3,"1,469.40","1,788.80","15,470.00","2,995.30","1,013.90","1,336.50","1,750.00",689.4,"1,461.90","2,579.30",783.5,"1,031.30",712.4,"1,116.60"
Dec-21,"19,508.80","3,987.10",242.1,329.2,142.4,"1,479.60","1,793.90","15,521.70","3,015.50","1,013.90","1,345.90","1,745.80",694.9,"1,481.10","2,588.40",782.7,"1,030.00",707.3,"1,116.20"
Jan-22,"19,305.40","4,017.70",256.9,330,146,"1,496.20","1,788.50","15,287.60","2,975.70","1,015.10","1,351.20","1,735.40",681.5,"1,468.40","2,595.40",738.4,908.7,706.6,"1,111.20"
Feb-22,"19,629.00","4,059.90",259.1,331,145.3,"1,527.60","1,796.80","15,569.20","3,008.90","1,017.50","1,351.20","1,780.10",689.3,"1,478.60","2,613.50",813.9,"1,019.40",699.6,"1,097.30"
Mar-22,"19,647.80","4,072.00",256.8,337.3,143,"1,536.90","1,798.10","15,575.80","3,029.60",988.7,"1,336.30","1,780.70",682.3,"1,479.20","2,612.00",809.7,"1,035.00",707.9,"1,114.40"
Apr-22,"19,709.70","4,083.20",258.9,335.5,149.4,"1,538.10","1,801.20","15,626.50","3,027.90",987.4,"1,343.00","1,802.90",673.9,"1,487.00","2,606.90",818.4,"1,039.20",711.3,"1,128.60"
May-22,"19,763.40","4,072.90",259.2,335,149.8,"1,549.40","1,779.40","15,690.40","3,042.40",981.7,"1,344.10","1,813.00",689.2,"1,498.60","2,616.80",833,"1,036.30",706.5,"1,128.90"
Jun-22,"19,750.80","4,087.30",261.6,324.7,149.5,"1,561.60","1,789.90","15,663.50","3,000.50",986.3,"1,344.50","1,835.20",702.1,"1,500.70","2,604.20",815.8,"1,042.60",696.3,"1,135.30"
Jul-22,"19,787.50","4,102.50",259.1,326.3,150.4,"1,566.10","1,800.60","15,685.00","3,001.20","1,005.40","1,354.60","1,835.20",701.6,"1,488.30","2,595.70",817,"1,043.10",698.6,"1,144.20"
Aug-22,"19,781.20","4,111.80",266.5,326.8,154.6,"1,559.80","1,804.10","15,669.50","2,988.20",993.4,"1,362.10","1,833.80",692.3,"1,453.90","2,609.20",808.6,"1,058.20",707.2,"1,162.60"
Sep-22,"19,796.10","4,100.30",264.7,324.6,157.9,"1,559.90","1,793.10","15,695.80","2,977.30",977.4,"1,370.20","1,837.60",693.5,"1,471.90","2,633.70",806.7,"1,059.80",714.1,"1,153.60"
Oct-22,"19,882.80","4,137.80",265.8,323.3,159.2,"1,579.00","1,810.60","15,745.00","2,954.60",972,"1,378.80","1,856.00",691.2,"1,474.60","2,644.50",801.9,"1,081.80",717.9,"1,171.50"
Nov-22,"19,923.80","4,123.10",262.2,327.6,155.6,"1,571.80","1,806.00","15,800.70","2,948.50",977.1,"1,391.90","1,852.10",691,"1,485.40","2,653.20",808.9,"1,085.60",730.8,"1,176.20"
Dec-22,"19,998.50","4,155.30",271.5,323.8,148.7,"1,598.20","1,812.90","15,843.20","2,925.20",999,"1,395.70","1,862.10",706.9,"1,485.00","2,625.90",829.1,"1,094.60",735.1,"1,184.50"
Jan-23,"20,113.50","4,179.50",266.9,326.2,153.7,"1,613.00","1,819.70","15,933.90","2,964.10",980.6,"1,390.10","1,870.30",696.4,"1,487.70","2,664.40",836.3,"1,117.90",751.2,"1,175.00"
Feb-23,"20,153.30","4,196.70",265.9,331.9,160.3,"1,604.20","1,834.40","15,956.70","2,976.00",982.2,"1,381.50","1,862.20",693.3,"1,490.00","2,680.00",831.4,"1,123.00",755.5,"1,181.50"
Mar-23,"20,214.10","4,170.20",265.1,322.7,159.7,"1,597.30","1,825.40","16,043.90","2,980.50","1,015.80","1,396.60","1,877.20",718.8,"1,491.60","2,666.40",840.2,"1,122.90",750.8,"1,183.20"
Apr-23,"20,257.80","4,178.00",263.9,322.2,158.9,"1,607.70","1,825.30","16,079.80","3,003.80","1,031.90","1,390.00","1,866.70",707.3,"1,507.60","2,668.40",849.7,"1,121.90",749.5,"1,183.00"
May-23,"20,246.70","4,215.00",264.2,324.3,163.6,"1,614.30","1,848.60","16,031.70","2,973.90","1,027.70","1,383.40","1,865.90",681.5,"1,513.90","2,661.80",853,"1,130.80",753.7,"1,186.00"
Jun-23,"20,332.90","4,214.50",255,328.6,160.8,"1,613.20","1,856.80","16,118.40","3,014.50","1,040.60","1,392.50","1,871.60",677.2,"1,499.70","2,686.70",863.4,"1,127.30",751.7,"1,193.10"
Jul-23,"20,352.10","4,182.40",263.9,327.6,160.3,"1,565.50","1,865.20","16,169.70","3,010.70","1,027.80","1,414.40","1,871.10",684,"1,520.20","2,713.20",849.5,"1,136.60",762.1,"1,180.10"
Aug-23,"20,412.10","4,188.00",254.6,333.6,159.5,"1,595.90","1,844.50","16,224.10","3,022.80","1,040.40","1,395.50","1,915.90",693.4,"1,500.30","2,712.60",849,"1,137.20",780.9,"1,176.20"
Sep-23,"20,465.30","4,186.80",254.6,336.5,157,"1,584.90","1,853.90","16,278.50","3,008.90","1,061.00","1,379.50","1,922.90",701.1,"1,542.30","2,718.70",826.6,"1,142.70",784.2,"1,190.50"
Oct-23,"20,493.90","4,191.60",259,340.4,156.3,"1,602.80","1,833.00","16,302.40","2,994.90","1,069.10","1,373.00","1,926.40",692.4,"1,545.70","2,731.30",846.4,"1,138.60",787.7,"1,196.90"
Nov-23,"20,518.50","4,225.10",251.6,340.4,158,"1,614.00","1,861.00","16,293.40","2,969.70","1,081.40","1,357.20","1,930.60",701.2,"1,542.40","2,737.70",848.2,"1,134.10",794.3,"1,196.60"
Dec-23,"20,532.80","4,203.00",238.7,345.4,161.8,"1,605.80","1,851.30","16,329.90","2,954.60","1,074.80","1,370.30","1,960.40",683.5,"1,544.80","2,753.50",849.3,"1,132.30",804.1,"1,202.10"
Jan-24,"20,577.10","4,178.70",233.9,344.2,158.3,"1,593.10","1,849.10","16,398.40","2,975.50","1,089.70","1,403.30","1,953.50",696.8,"1,569.90","2,745.30",839.4,"1,108.40",798.8,"1,217.90"
Feb-24,"20,607.70","4,178.90",230,347.5,156.7,"1,605.90","1,838.80","16,428.80","2,969.80","1,097.70","1,399.00","1,963.80",686.8,"1,553.50","2,747.30",843.4,"1,131.10",810.4,"1,226.10"
Mar-24,"20,614.50","4,206.60",228.2,349.4,158.5,"1,621.90","1,848.50","16,408.00","2,947.60","1,096.00","1,410.50","1,946.70",690.6,"1,558.80","2,784.10",836.4,"1,106.40",805.2,"1,225.60"
Apr-24,"20,700.50","4,200.20",221.9,355.8,153.4,"1,614.90","1,854.10","16,500.30","2,950.50","1,101.20","1,408.70","1,967.20",697.3,"1,556.70","2,801.10",845.6,"1,132.50",814.1,"1,225.40"
May-24,"20,698.30","4,173.00",225.6,356,150.4,"1,587.30","1,853.60","16,525.30","2,940.70","1,085.40","1,431.10","1,968.50",714.4,"1,544.30","2,819.40",835.7,"1,144.20",814,"1,227.70"
Jun-24,"20,715.90","4,188.50",236.2,359.2,148.2,"1,585.20","1,859.80","16,527.40","2,934.60","1,076.70","1,434.40","1,960.80",710,"1,558.10","2,819.80",831.9,"1,159.70",820.3,"1,221.10"
Jul-24,"20,712.90","4,198.00",238.7,364.1,152.8,"1,594.20","1,848.30","16,514.80","2,890.60","1,088.10","1,428.90","1,982.00",705.5,"1,555.70","2,826.60",838.8,"1,145.80",815,"1,238.00"
Aug-24,"20,742.60","4,204.80",238.4,360.4,147.4,"1,601.10","1,857.50","16,537.70","2,920.70","1,085.50","1,436.70","1,965.30",698.4,"1,582.10","2,848.00",839.2,"1,135.90",794.6,"1,231.30"
Sep-24,"20,779.30","4,198.40",233.3,355.5,149.9,"1,609.20","1,850.50","16,580.90","2,932.70","1,087.30","1,434.90","1,987.10",699.6,"1,568.10","2,845.60",860.2,"1,137.60",793.6,"1,234.20"
Oct-24,"20,782.60","4,201.50",229.7,355.3,150.4,"1,613.40","1,852.70","16,581.10","2,926.40","1,076.90","1,422.50","1,994.80",724.6,"1,573.70","2,847.90",855.2,"1,141.30",789.5,"1,228.10"
Nov-24,"20,826.40","4,179.70",227.7,350.2,149.1,"1,624.90","1,827.80","16,646.70","2,956.20","1,061.50","1,428.60","2,015.30",720.8,"1,587.00","2,857.10",854,"1,156.20",781,"1,229.00"
Dec-24,"20,917.40","4,208.10",229.7,342.7,159.1,"1,631.90","1,844.70","16,709.30","2,944.90","1,078.70","1,448.90","1,997.30",733.8,"1,604.80","2,872.30",855.1,"1,161.00",784.9,"1,227.40"
